<?xml version="1.0" encoding="UTF-8"?>
<project-private xmlns="http://www.netbeans.org/ns/project-private/1">
    <editor-bookmarks xmlns="http://www.netbeans.org/ns/editor-bookmarks/2" lastBookmarkId="1">
        <file>
            <url>src/ex1/Control.java</url>
            <bookmark id="1">
                <name/>
                <line>263</line>
                <key/>
            </bookmark>
        </file>
    </editor-bookmarks>
    <open-files xmlns="http://www.netbeans.org/ns/projectui-open-files/2">
        <group>
            <file>file:/F:/Repositorios/DAM2/LibreConfiguracion/Buscaminas/src/ex1/Main.java</file>
            <file>file:/F:/Repositorios/DAM2/LibreConfiguracion/Buscaminas/src/ex1/Semaforo.java</file>
            <file>file:/F:/Repositorios/DAM2/LibreConfiguracion/Buscaminas/src/ex1/Ventana.java</file>
            <file>file:/F:/Repositorios/DAM2/LibreConfiguracion/Buscaminas/src/ex1/Control.java</file>
            <file>file:/F:/Repositorios/DAM2/LibreConfiguracion/Buscaminas/src/ex1/PanelRight.java</file>
            <file>file:/F:/Repositorios/DAM2/LibreConfiguracion/Buscaminas/src/ex1/panelCampo.java</file>
        </group>
    </open-files>
</project-private>
