<?xml version="1.0" encoding="UTF-8"?>
<project-private xmlns="http://www.netbeans.org/ns/project-private/1">
    <editor-bookmarks xmlns="http://www.netbeans.org/ns/editor-bookmarks/2" lastBookmarkId="0"/>
    <open-files xmlns="http://www.netbeans.org/ns/projectui-open-files/2">
        <group>
            <file>file:/F:/Repositorios/DAM2/LibreConfiguracion/Buscaminas/src/ex1/Semaforo.java</file>
            <file>file:/F:/Repositorios/DAM2/LibreConfiguracion/Buscaminas/src/ex1/Ventana.java</file>
            <file>file:/F:/Repositorios/DAM2/LibreConfiguracion/Buscaminas/src/ex1/Control.java</file>
            <file>file:/F:/Repositorios/DAM2/LibreConfiguracion/Buscaminas/src/ex1/HiloHora.java</file>
        </group>
    </open-files>
</project-private>
