<?xml version="1.0" encoding="UTF-8"?>
<project-private xmlns="http://www.netbeans.org/ns/project-private/1">
    <editor-bookmarks xmlns="http://www.netbeans.org/ns/editor-bookmarks/2" lastBookmarkId="0"/>
    <open-files xmlns="http://www.netbeans.org/ns/projectui-open-files/2">
        <group>
            <file>file:/C:/Repositorios/DAM2/DesarrolloDeInterfaces/NetBeans/T01netbeansSergio/src/main/Main.java</file>
            <file>file:/C:/Repositorios/DAM2/DesarrolloDeInterfaces/NetBeans/T01netbeansSergio/src/main/Vdialogo.java</file>
            <file>file:/C:/Repositorios/DAM2/DesarrolloDeInterfaces/NetBeans/T01netbeansSergio/src/main/Ventana.java</file>
        </group>
    </open-files>
</project-private>
