<?xml version="1.0" encoding="UTF-8"?>
<!DOCTYPE hibernate-reverse-engineering PUBLIC "-//Hibernate/Hibernate Reverse Engineering DTD 3.0//EN" "http://hibernate.sourceforge.net/hibernate-reverse-engineering-3.0.dtd">
<hibernate-reverse-engineering>
  <schema-selection match-catalog="multas"/>
  <table-filter match-name="conductor"/>
  <table-filter match-name="modelo_vehiculo"/>
  <table-filter match-name="policia"/>
  <table-filter match-name="persona"/>
  <table-filter match-name="papeleta_multa"/>
  <table-filter match-name="marca_vehiculo"/>
  <table-filter match-name="tipo_infraccion"/>
  <table-filter match-name="vehiculo"/>
</hibernate-reverse-engineering>
