<?xml version="1.0" encoding="UTF-8"?>
<!DOCTYPE hibernate-configuration PUBLIC "-//Hibernate/Hibernate Configuration DTD 3.0//EN" "http://hibernate.sourceforge.net/hibernate-configuration-3.0.dtd">
<hibernate-configuration>
  <session-factory>
    <property name="hibernate.dialect">org.hibernate.dialect.MySQLDialect</property>
    <property name="hibernate.connection.driver_class">com.mysql.jdbc.Driver</property>
    <property name="hibernate.connection.url">jdbc:mysql://localhost:3306/multas?zeroDateTimeBehavior=convertToNull</property>
    <property name="hibernate.connection.username">root</property>
    <property name="hibernate.connection.password">admin</property>
    <property name="hibernate.show_sql">true</property>
    <property name="hibernate.query.factory_class">org.hibernate.hql.internal.ast.ASTQueryTranslatorFactory</property>
    <mapping resource="entity/TipoInfraccion.hbm.xml"/>
    <mapping resource="entity/Policia.hbm.xml"/>
    <mapping resource="entity/MarcaVehiculo.hbm.xml"/>
    <mapping resource="entity/ModeloVehiculo.hbm.xml"/>
    <mapping resource="entity/Vehiculo.hbm.xml"/>
    <mapping resource="entity/Persona.hbm.xml"/>
    <mapping resource="entity/Conductor.hbm.xml"/>
    <mapping resource="entity/PapeletaMulta.hbm.xml"/>
  </session-factory>
</hibernate-configuration>
