<?xml version="1.0"?>
<!DOCTYPE hibernate-mapping PUBLIC "-//Hibernate/Hibernate Mapping DTD 3.0//EN"
"http://www.hibernate.org/dtd/hibernate-mapping-3.0.dtd">
<!-- Generated 28-ene-2019 21:28:00 by Hibernate Tools 4.3.1 -->
<hibernate-mapping>
    <class name="entity.ModeloVehiculo" table="modelo_vehiculo" catalog="multas" optimistic-lock="version">
        <id name="idmodelo" type="java.lang.Integer">
            <column name="idmodelo" />
            <generator class="identity" />
        </id>
        <property name="descripcion" type="string">
            <column name="descripcion" length="65535" />
        </property>
        <set name="vehiculos" table="vehiculo" inverse="true" lazy="true" fetch="select">
            <key>
                <column name="idmodelo" />
            </key>
            <one-to-many class="entity.Vehiculo" />
        </set>
    </class>
</hibernate-mapping>
