<?xml version="1.0"?>
<!DOCTYPE hibernate-mapping PUBLIC "-//Hibernate/Hibernate Mapping DTD 3.0//EN"
"http://www.hibernate.org/dtd/hibernate-mapping-3.0.dtd">
<!-- Generated 28-ene-2019 21:28:00 by Hibernate Tools 4.3.1 -->
<hibernate-mapping>
    <class name="entity.PapeletaMulta" table="papeleta_multa" catalog="multas" optimistic-lock="version">
        <id name="idpapeleta" type="java.lang.Integer">
            <column name="idpapeleta" />
            <generator class="identity" />
        </id>
        <many-to-one name="conductor" class="entity.Conductor" fetch="select">
            <column name="idconductor" />
        </many-to-one>
        <many-to-one name="policia" class="entity.Policia" fetch="select">
            <column name="idpolicia" />
        </many-to-one>
        <many-to-one name="tipoInfraccion" class="entity.TipoInfraccion" fetch="select">
            <column name="idtipoinfraccion" />
        </many-to-one>
        <many-to-one name="vehiculo" class="entity.Vehiculo" fetch="select">
            <column name="idvehiculo" />
        </many-to-one>
        <property name="fecha" type="date">
            <column name="fecha" length="10" />
        </property>
    </class>
</hibernate-mapping>
