<?xml version="1.0"?>
<!DOCTYPE hibernate-mapping PUBLIC "-//Hibernate/Hibernate Mapping DTD 3.0//EN"
"http://www.hibernate.org/dtd/hibernate-mapping-3.0.dtd">
<!-- Generated 28-ene-2019 21:28:00 by Hibernate Tools 4.3.1 -->
<hibernate-mapping>
    <class name="entity.Persona" table="persona" catalog="multas" optimistic-lock="version">
        <id name="idpersona" type="java.lang.Integer">
            <column name="idpersona" />
            <generator class="identity" />
        </id>
        <property name="nombre" type="string">
            <column name="nombre" length="30" />
        </property>
        <property name="direccion" type="string">
            <column name="direccion" length="50" />
        </property>
        <property name="fechaNacimiento" type="date">
            <column name="fechaNacimiento" length="10" />
        </property>
        <one-to-one name="policia" class="entity.Policia"></one-to-one>
        <set name="vehiculos" table="vehiculo" inverse="true" lazy="true" fetch="select">
            <key>
                <column name="idpropietario" />
            </key>
            <one-to-many class="entity.Vehiculo" />
        </set>
        <one-to-one name="conductor" class="entity.Conductor"></one-to-one>
    </class>
</hibernate-mapping>
