<?xml version="1.0"?>
<!DOCTYPE hibernate-mapping PUBLIC "-//Hibernate/Hibernate Mapping DTD 3.0//EN"
"http://www.hibernate.org/dtd/hibernate-mapping-3.0.dtd">
<!-- Generated 28-ene-2019 21:28:00 by Hibernate Tools 4.3.1 -->
<hibernate-mapping>
    <class name="entity.Policia" table="policia" catalog="multas" optimistic-lock="version">
        <id name="idpersona" type="int">
            <column name="idpersona" />
            <generator class="foreign">
                <param name="property">persona</param>
            </generator>
        </id>
        <one-to-one name="persona" class="entity.Persona" constrained="true"></one-to-one>
        <property name="grado" type="string">
            <column name="grado" length="20" />
        </property>
        <property name="nplaca" type="int">
            <column name="nplaca" not-null="true" unique="true" />
        </property>
        <set name="papeletaMultas" table="papeleta_multa" inverse="true" lazy="true" fetch="select">
            <key>
                <column name="idpolicia" />
            </key>
            <one-to-many class="entity.PapeletaMulta" />
        </set>
    </class>
</hibernate-mapping>
