<?xml version="1.0"?>
<!DOCTYPE hibernate-mapping PUBLIC "-//Hibernate/Hibernate Mapping DTD 3.0//EN"
"http://www.hibernate.org/dtd/hibernate-mapping-3.0.dtd">
<!-- Generated 28-ene-2019 21:28:00 by Hibernate Tools 4.3.1 -->
<hibernate-mapping>
    <class name="entity.TipoInfraccion" table="tipo_infraccion" catalog="multas" optimistic-lock="version">
        <id name="idtipo" type="java.lang.Integer">
            <column name="idtipo" />
            <generator class="identity" />
        </id>
        <property name="descripcion" type="string">
            <column name="descripcion" length="65535" />
        </property>
        <property name="importe" type="java.lang.Float">
            <column name="importe" precision="12" scale="0" />
        </property>
        <set name="papeletaMultas" table="papeleta_multa" inverse="true" lazy="true" fetch="select">
            <key>
                <column name="idtipoinfraccion" />
            </key>
            <one-to-many class="entity.PapeletaMulta" />
        </set>
    </class>
</hibernate-mapping>
