<?xml version="1.0"?>
<!DOCTYPE hibernate-mapping PUBLIC "-//Hibernate/Hibernate Mapping DTD 3.0//EN"
"http://www.hibernate.org/dtd/hibernate-mapping-3.0.dtd">
<!-- Generated 28-ene-2019 21:28:00 by Hibernate Tools 4.3.1 -->
<hibernate-mapping>
    <class name="entity.Vehiculo" table="vehiculo" catalog="multas" optimistic-lock="version">
        <id name="idvehiculo" type="java.lang.Integer">
            <column name="idvehiculo" />
            <generator class="identity" />
        </id>
        <many-to-one name="marcaVehiculo" class="entity.MarcaVehiculo" fetch="select">
            <column name="idmarca" />
        </many-to-one>
        <many-to-one name="modeloVehiculo" class="entity.ModeloVehiculo" fetch="select">
            <column name="idmodelo" />
        </many-to-one>
        <many-to-one name="persona" class="entity.Persona" fetch="select">
            <column name="idpropietario" />
        </many-to-one>
        <property name="anno" type="date">
            <column name="anno" length="0" />
        </property>
        <property name="color" type="string">
            <column name="color" length="10" />
        </property>
        <set name="papeletaMultas" table="papeleta_multa" inverse="true" lazy="true" fetch="select">
            <key>
                <column name="idvehiculo" />
            </key>
            <one-to-many class="entity.PapeletaMulta" />
        </set>
    </class>
</hibernate-mapping>
