<?xml version="1.0" encoding="UTF-8"?>
<project-private xmlns="http://www.netbeans.org/ns/project-private/1">
    <editor-bookmarks xmlns="http://www.netbeans.org/ns/editor-bookmarks/2" lastBookmarkId="0"/>
    <open-files xmlns="http://www.netbeans.org/ns/projectui-open-files/2">
        <group>
            <file>file:/F:/Repositorios/DAM2/DesarrolloDeInterfaces/Informes_iReport/Tarea05_SergioMoreno/src/controlador/ControladorProductos.java</file>
            <file>file:/F:/Repositorios/DAM2/DesarrolloDeInterfaces/Informes_iReport/Tarea05_SergioMoreno/src/controlador/ControladorVehiculos.java</file>
            <file>file:/F:/Repositorios/DAM2/DesarrolloDeInterfaces/Informes_iReport/Tarea05_SergioMoreno/src/app/Main.java</file>
            <file>file:/F:/Repositorios/DAM2/DesarrolloDeInterfaces/Informes_iReport/Tarea05_SergioMoreno/src/vista/MainFrame.java</file>
            <file>file:/F:/Repositorios/DAM2/DesarrolloDeInterfaces/Informes_iReport/Tarea05_SergioMoreno/src/vista/VistaInformes.java</file>
            <file>file:/F:/Repositorios/DAM2/DesarrolloDeInterfaces/Informes_iReport/Tarea05_SergioMoreno/src/controlador/ControladorInformes.java</file>
        </group>
    </open-files>
</project-private>
