<?xml version="1.0" encoding="UTF-8"?>
<project-private xmlns="http://www.netbeans.org/ns/project-private/1">
    <editor-bookmarks xmlns="http://www.netbeans.org/ns/editor-bookmarks/2" lastBookmarkId="0"/>
    <open-files xmlns="http://www.netbeans.org/ns/projectui-open-files/2">
        <group>
            <file>file:/C:/Users/seran/Documents/NetBeansProjects/Practica1SergioMoreno/src/practica1sergiomoreno/MiddlePanel.java</file>
            <file>file:/C:/Users/seran/Documents/NetBeansProjects/Practica1SergioMoreno/src/practica1sergiomoreno/Main.java</file>
            <file>file:/C:/Users/seran/Documents/NetBeansProjects/Practica1SergioMoreno/src/practica1sergiomoreno/LateralPanel.java</file>
            <file>file:/C:/Users/seran/Documents/NetBeansProjects/Practica1SergioMoreno/src/practica1sergiomoreno/Ventana.java</file>
            <file>file:/C:/Users/seran/Documents/NetBeansProjects/Practica1SergioMoreno/src/practica1sergiomoreno/TopPanel.java</file>
            <file>file:/C:/Users/seran/Documents/NetBeansProjects/Practica1SergioMoreno/src/practica1sergiomoreno/BottomPanel.java</file>
        </group>
    </open-files>
</project-private>
